{"n_actions": 5, "learning_rate": 0.1, "discount_factor": 0.95, "epsilon": 0.9511101304657719, "epsilon_decay": 0.995, "epsilon_min": 0.05, "n_bins": 8, "best_reward": -19.41276595744681, "episodes_trained": 10, "q_table": {"0,0,0,7,7,7,7,7,7,6,7,6,7,0|0": -0.021276588226790745, "0,0,0,6,7,7,7,7,7,6,7,6,7,0|2": -0.0765702390916699, "0,0,0,6,6,7,6,6,6,6,5,6,6,0|0": -0.1391999029883111, "0,0,1,4,5,7,5,6,5,6,2,6,5,1|4": -0.20411311687983708, "0,0,1,4,4,7,4,6,3,6,0,4,3,1|4": -0.2845371173045189, "2,0,1,4,3,7,3,6,2,6,0,2,1,2|2": -0.3736373159632652, "2,0,1,4,1,7,1,4,0,6,0,2,0,2|0": -0.43347394854518717, "3,0,1,2,0,7,0,4,0,6,0,2,0,3|1": -0.43257488521200294, "3,0,1,2,0,6,0,4,0,6,0,2,0,3|3": -0.4882760379065397, "3,0,1,2,0,6,0,4,0,4,0,2,0,3|2": -0.4881554085486375, "3,0,3,2,0,6,0,2,0,4,0,2,0,3|0": -2.123905071637471, "4,0,3,0,0,6,0,2,0,4,0,2,0,4|4": -4.422082551997054, "4,0,3,0,0,6,0,2,0,4,0,0,0,4|1": -4.455097224658912, "4,0,3,0,0,4,0,2,0,4,0,0,0,4|3": -4.4534177200701865, "4,4,3,0,0,4,0,2,0,2,0,0,0,4|2": -9.694650724428005, "4,4,3,0,0,4,0,0,0,2,0,0,0,4|3": -21.004247599456214, "5,4,3,0,0,4,0,0,0,0,0,0,0,5|1": -21.130899612343004, "6,4,3,0,0,2,0,0,0,0,0,0,0,6|1": -28.431794517266052, "0,0,0,7,7,7,7,7,7,6,7,6,7,0|3": -0.04675884135007676, "0,0,0,7,7,7,7,7,7,4,6,6,7,0|2": -0.07652259536547087, "0,0,0,7,6,7,6,6,6,4,5,6,6,0|3": -0.08054729812597196, "0,0,0,7,6,7,6,6,6,2,5,6,6,0|2": -0.15734815568645083, "1,0,0,7,5,7,5,4,4,2,2,6,4,1|2": -0.21187775363448313, "1,0,1,7,4,7,4,2,3,2,0,6,3,1|0": -0.21234113231680507, "1,0,1,6,4,7,4,2,3,2,0,6,3,1|0": -0.2758381690032044, "1,0,2,4,3,7,3,2,2,2,0,6,2,2|2": -0.2760434720118467, "2,0,2,4,3,7,3,0,2,2,0,6,2,2|1": -0.27531278361860334, "2,0,2,4,3,6,3,0,2,2,0,6,2,2|3": -3.027854362827482, "2,0,2,4,2,6,2,0,1,0,0,6,0,2|1": -3.070440468861742, "2,0,2,4,1,4,1,0,0,0,0,6,0,2|0": -3.1222676352514918, "3,0,2,2,0,4,0,0,0,0,0,6,0,3|1": -3.186531882163983, "3,0,2,2,0,2,0,0,0,0,0,6,0,3|1": -4.202066630547619, "3,0,4,2,0,0,0,0,0,0,0,6,0,4|4": -4.260861625589456, "3,0,4,2,0,0,0,0,0,0,0,4,0,4|0": -5.966785818102224, "4,0,4,0,0,0,0,0,0,0,0,4,0,4|4": -6.041133651589911, "5,0,4,0,0,0,0,0,0,0,0,2,0,5|4": -13.47497242715636, "0,0,0,6,7,7,7,7,7,6,7,6,7,0|0": -0.07642581462884969, "0,0,0,4,6,7,6,7,6,6,5,6,6,0|0": -0.12727107412057398, "1,0,0,2,5,7,5,7,5,6,3,6,5,1|0": -0.16115534939270698, "1,0,0,0,5,7,5,7,4,6,2,6,4,1|4": -0.16086875124307168, "1,0,1,0,5,7,5,7,4,6,2,4,4,1|2": -0.22219835406001684, "1,0,1,0,4,7,4,6,3,6,0,4,3,1|4": -0.24928889625991948, "2,0,1,0,3,7,3,6,2,6,0,2,2,2|3": -0.30341175708320417, "2,0,1,0,2,7,2,6,1,4,0,2,1,2|1": -0.3037088792472242, "2,0,1,0,2,6,2,6,1,4,0,2,1,2|2": -0.39263604021000453, "3,0,1,0,1,6,1,4,0,4,0,2,0,3|2": -0.44620349809184495, "3,0,3,0,0,6,0,2,0,4,0,2,0,3|4": -3.26487045190766, "3,0,3,0,0,6,0,2,0,4,0,0,0,3|2": -5.4278446080821805, "3,0,3,0,0,6,0,0,0,4,0,0,0,3|3": -5.4278446080821805, "3,2,3,0,0,6,0,0,0,2,0,0,0,3|3": -13.708355805307473, "4,2,3,0,0,6,0,0,0,0,0,0,0,4|1": -13.82424340404343, "4,2,3,0,0,4,0,0,0,0,0,0,0,4|1": -13.680705324272147, "5,2,3,0,0,2,0,0,0,0,0,0,0,5|1": -18.6386660927596, "0,0,0,7,7,7,7,7,7,6,7,6,7,0|1": -0.025525717035446004, "0,0,0,7,7,6,7,7,7,6,7,6,7,0|0": -0.025351413178974866, "0,0,0,6,7,6,7,7,7,6,7,6,7,0|3": -0.07298798652976883, "0,0,0,6,6,6,6,7,6,4,5,6,6,0|2": -0.07577040533635104, "0,0,0,6,6,6,6,6,6,4,5,6,6,0|1": -0.11201765112192266, "0,0,0,6,6,4,6,6,5,4,3,6,5,0|1": -0.1645089762589131, "1,0,0,6,5,2,5,6,4,4,2,6,4,1|2": -0.24821799856739504, "2,0,0,6,3,2,3,4,2,4,0,6,2,2|3": -0.2501424103173331, "2,0,0,6,3,2,3,4,2,2,0,6,2,2|1": -0.25192269072835116, "2,0,1,6,3,0,3,4,2,2,0,6,2,2|2": -0.30199856492366406, "2,0,2,6,2,0,2,2,1,2,0,6,1,2|2": -0.3365557156650451, "2,0,2,6,1,0,2,0,0,2,0,6,0,2|3": -5.226722731039549, "3,0,2,6,0,0,0,0,0,0,0,6,0,3|4": -5.226722731039549, "3,0,2,6,0,0,0,0,0,0,0,4,0,3|4": -5.369782702341313, "4,0,2,6,0,0,0,0,0,0,0,2,0,4|4": -9.481365079446451, "4,0,4,6,0,0,0,0,0,0,0,0,0,4|0": -9.645337727664693, "4,0,4,4,0,0,0,0,0,0,0,0,0,4|0": -9.824940429049994, "5,0,4,2,0,0,0,0,0,0,0,0,0,5|0": -15.1670754476298, "0,0,0,7,7,6,7,7,7,6,7,6,7,0|3": -0.04408660805517684, "0,0,0,7,7,6,7,7,7,4,6,6,7,0|4": -0.052713545827055265, "0,0,0,7,7,6,7,7,6,4,6,4,6,0|3": -0.07807489393252946, "0,0,0,7,6,6,6,7,6,2,5,4,6,0|3": -0.1466975246897541, "1,0,0,7,5,6,5,7,4,0,2,4,4,1|1": -0.18337190586219265, "1,0,0,7,4,4,4,7,4,0,1,4,3,1|4": -0.2531936682790986, "2,0,0,7,3,4,3,7,2,0,0,2,2,2|1": -0.3031765143382086, "2,0,0,7,2,2,2,7,1,0,0,2,0,2|0": -0.3508377684794126, "2,0,0,6,1,2,1,7,0,0,0,2,0,2|1": -0.33375529000426635, "2,0,2,6,1,0,1,7,0,0,0,2,0,2|4": -1.057444657138644, "2,0,3,6,1,0,1,7,0,0,0,0,0,3|2": -1.1125160685940911, "2,0,3,6,0,0,0,6,0,0,0,0,0,3|2": -1.1790244470953113, "4,0,3,6,0,0,0,4,0,0,0,0,0,4|2": -1.2303722454612716, "4,0,5,6,0,0,0,2,0,0,0,0,0,5|0": -1.278537261001707, "4,0,5,4,0,0,0,2,0,0,0,0,0,5|0": -1.3370176728367265, "5,0,5,2,0,0,0,2,0,0,0,0,0,5|0": -7.311134099373938, "6,0,5,0,0,0,0,2,0,0,0,0,0,6|2": -16.971648310102, "0,0,0,7,7,7,7,7,7,6,7,6,7,0|2": -0.07048597457283529, "0,0,0,7,6,7,6,6,6,6,5,6,6,0|1": -0.06905281862157234, "0,0,0,7,6,6,6,6,6,6,5,6,6,0|4": -0.12335306552557965, "0,0,1,7,5,6,5,6,5,6,2,4,5,1|4": -0.18027359582115077, "1,0,1,7,4,6,4,6,3,6,0,2,3,1|4": -0.23269037075833401, "1,0,2,7,3,6,3,6,2,6,0,0,2,2|2": -0.2686756700467539, "2,0,2,7,2,6,2,4,1,6,0,0,1,2|3": -0.33352286475361215, "2,0,2,7,1,6,1,4,0,4,0,0,0,2|0": -0.3641775352929824, "3,0,2,6,1,6,1,4,0,4,0,0,0,3|2": -0.35244269791816746, "3,0,2,6,1,6,1,2,0,4,0,0,0,3|1": -0.4088030928752763, "3,0,2,6,0,4,0,2,0,4,0,0,0,3|0": -0.36748079148157653, "3,0,3,4,0,4,0,2,0,4,0,0,0,3|3": -0.3962249983548921, "3,3,3,4,0,4,0,2,0,2,0,0,0,3|3": -6.5134156569188635, "4,3,3,4,0,4,0,2,0,0,0,0,0,4|1": -6.4647782799605915, "4,3,3,4,0,2,0,2,0,0,0,0,0,4|1": -9.131864820575485, "4,3,4,4,0,0,0,2,0,0,0,0,0,4|0": -8.285765719591152, "5,3,4,2,0,0,0,2,0,0,0,0,0,5|2": -15.095798640153133, "5,3,4,2,0,0,0,0,0,0,0,0,0,5|0": -22.065347331616014, "0,0,0,6,6,7,6,6,6,6,5,6,6,0|1": -0.07422869455792601, "0,0,0,6,6,6,6,6,6,6,5,6,6,0|3": -0.05712613408088425, "0,0,0,6,6,6,6,6,6,4,5,6,6,0|4": -0.12506031216451105, "0,0,1,6,5,6,5,6,5,4,2,4,5,1|0": -0.17359769151380447, "0,0,1,4,4,6,4,6,3,4,0,4,3,1|1": -0.17359769151380447, "0,0,1,4,4,4,4,6,3,4,0,4,3,1|4": -0.15878154937441702, "1,0,1,4,4,4,4,6,3,4,0,2,3,1|4": -0.18320948004740423, "1,0,2,4,3,4,3,6,2,4,0,0,2,2|2": -0.2131567084486383, "2,0,2,4,2,4,2,4,1,4,0,0,1,2|2": -0.3049260584607947, "2,0,2,4,1,4,1,2,0,4,0,0,0,2|3": -0.2383559751123404, "2,0,2,4,1,4,1,2,0,2,0,0,0,2|0": -0.3016115930084638, "2,0,2,2,1,4,1,2,0,2,0,0,0,2|1": -0.3314657005127208, "3,0,2,2,0,2,0,2,0,2,0,0,0,3|0": -0.4613528758203405, "3,0,2,0,0,2,0,2,0,2,0,0,0,3|1": -0.5477543873027273, "3,0,3,0,0,0,0,2,0,2,0,0,0,3|2": -2.794485584025562, "4,0,3,0,0,0,0,0,0,2,0,0,0,4|3": -7.782366511023405, "0,0,0,6,6,6,6,6,6,6,5,6,6,0|1": -0.06082536009487795, "0,0,0,6,6,4,6,6,6,6,5,6,6,0|4": -0.07997694497872342, "0,0,1,6,5,4,5,6,5,6,2,4,5,1|1": -0.07326043531914894, "0,0,1,6,5,2,5,6,5,6,2,4,5,1|3": -0.05707276595744681, "1,0,1,6,5,2,5,6,4,4,2,4,4,1|1": -0.10426885293617019, "1,0,1,6,5,0,5,6,4,4,1,4,4,1|4": -0.17519729461531913, "2,0,1,6,3,0,3,6,2,4,0,2,2,2|0": -0.18320948004740423, "2,0,1,4,3,0,3,6,2,4,0,2,2,2|4": -0.2076374107203915, "2,0,2,4,3,0,3,6,2,4,0,0,1,2|2": -0.19630704676595745, "2,0,2,4,2,0,2,4,1,4,0,0,0,2|3": -0.16150331489361702, "2,1,2,4,2,0,2,4,1,2,0,0,0,2|2": -0.2450318044, "2,1,3,4,1,0,1,2,0,2,0,0,0,3|3": -3.403501598115745, "3,1,3,4,0,0,0,2,0,0,0,0,0,3|2": -4.030353318170213, "3,1,3,4,0,0,0,0,0,0,0,0,0,3|0": -2.9223330638297873, "4,1,3,2,0,0,0,0,0,0,0,0,0,4|0": -5.507503256489361, "0,0,0,7,7,7,7,7,7,4,6,6,7,0|4": -0.02592028510638298, "0,0,0,7,7,7,7,7,6,4,6,4,6,0|0": -0.03996023744680851, "0,0,0,6,6,7,6,7,6,4,5,4,6,0|3": -0.049527705144680856, "0,0,0,6,6,7,6,7,6,2,5,4,6,0|2": -0.07997694497872342, "0,0,1,6,5,7,5,6,5,2,2,4,5,1|1": -0.07997694497872342, "0,0,1,6,5,6,5,6,5,2,2,4,5,1|2": -0.05996595744680851,