{"n_actions": 5, "learning_rate": 0.1, "discount_factor": 0.95, "epsilon": 0.9511101304657719, "epsilon_decay": 0.995, "epsilon_min": 0.05, "n_bins": 8, "best_reward": -24.04468085106383, "episodes_trained": 10, "q_table": {"0,0,0,7,7,7,7,7,7,6,7,6,7,0|4": -0.05529107287566496, "0,0,0,7,7,7,7,7,6,6,6,4,6,0|4": -0.13565860737005803, "1,0,0,7,5,7,5,7,5,6,3,2,5,1|2": -0.14011399348622444, "1,0,1,7,5,7,5,6,5,6,2,2,5,1|0": -0.1658290697600184, "1,0,1,6,5,7,5,6,4,6,2,2,4,1|1": -0.165626083207108, "1,0,1,6,5,6,5,6,4,6,2,2,4,1|4": -0.1827390175239514, "1,0,1,6,4,6,4,6,4,6,1,0,4,1|0": -0.2453951822126498, "1,0,1,4,3,6,3,6,3,6,0,0,2,1|3": -0.24597395433623692, "1,0,1,4,3,6,3,6,3,4,0,0,2,1|3": -0.2543598888188588, "1,2,1,4,3,6,3,6,2,2,0,0,2,2|1": -0.25929902930497106, "2,2,1,4,3,4,3,6,2,2,0,0,2,2|1": -0.3094711980629448, "2,2,1,4,2,2,2,6,1,2,0,0,1,2|2": -0.39890442902001866, "3,2,1,4,1,2,1,4,0,2,0,0,0,3|3": -6.566251240195336, "3,2,1,4,0,2,0,4,0,0,0,0,0,3|2": -6.567711222558781, "3,2,3,4,0,2,0,2,0,0,0,0,0,3|1": -6.864153264236291, "3,2,3,4,0,0,0,2,0,0,0,0,0,3|2": -10.004438206539298, "4,2,3,4,0,0,0,0,0,0,0,0,0,4|0": -10.07335485137767, "4,2,3,2,0,0,0,0,0,0,0,0,0,4|0": -13.897727110134896, "0,0,0,7,7,7,7,7,7,6,7,6,7,0|0": -0.02126872364925457, "0,0,0,6,7,7,7,7,7,6,7,6,7,0|3": -0.07640693351196065, "0,0,0,6,6,7,6,7,6,4,5,6,6,0|1": -0.07651446766376196, "0,0,0,6,6,6,6,7,6,4,5,6,6,0|0": -0.0765299102970089, "0,0,0,4,6,6,6,7,6,4,5,6,6,0|2": -0.16134338643868268, "0,0,1,4,5,6,5,6,4,4,2,6,4,1|0": -0.16153054284571972, "1,0,1,2,5,6,5,6,4,4,2,6,4,1|0": -0.16993747927320457, "1,0,1,0,5,6,5,6,4,4,1,6,4,1|3": -0.16990689186384433, "1,0,1,0,5,6,5,6,4,2,1,6,4,1|3": -0.9466524175193513, "2,0,1,0,3,6,3,6,2,0,0,6,2,2|1": -0.9880656180074117, "2,0,1,0,3,4,3,6,2,0,0,6,1,2|4": -0.9860162824685359, "2,0,1,0,3,4,3,6,2,0,0,4,1,2|2": -1.0775787529313146, "3,0,1,0,1,4,1,4,0,0,0,4,0,3|1": -1.130250504229296, "3,0,1,0,0,2,0,4,0,0,0,4,0,3|2": -1.1360250578949072, "3,0,3,0,0,2,0,2,0,0,0,4,0,3|1": -1.158971312380623, "3,0,3,0,0,0,0,2,0,0,0,4,0,3|2": -3.280352379068877, "3,0,3,0,0,0,0,0,0,0,0,4,0,3|4": -3.3703947338053757, "4,0,3,0,0,0,0,0,0,0,0,2,0,4|4": -8.975141643956707, "0,0,0,7,7,7,7,7,7,6,7,6,7,0|3": -0.046806615653505315, "0,0,0,7,7,7,7,7,7,4,6,6,7,0|2": -0.07624046315592091, "0,0,0,7,6,7,6,6,6,4,5,6,6,0|2": -0.15654520244600076, "1,0,0,7,5,7,5,4,4,4,2,6,4,1|1": -0.1560726185020458, "1,0,0,7,5,6,5,4,4,4,2,6,4,1|2": -0.209621088735865, "1,0,1,7,4,6,4,2,3,4,0,6,3,1|2": -0.2536946335043908, "2,0,1,7,3,6,3,0,2,4,0,6,2,2|3": -0.2546198483106502, "2,0,1,7,3,6,3,0,2,2,0,6,2,2|3": -3.014705550533095, "2,0,1,7,2,6,2,0,1,0,0,6,0,2|0": -3.044282199241899, "2,0,1,6,1,6,1,0,0,0,0,6,0,2|0": -3.0910072752851434, "2,0,3,4,0,6,0,0,0,0,0,6,0,3|4": -3.1269845501357305, "2,0,3,4,0,6,0,0,0,0,0,4,0,3|0": -3.1686910606694507, "3,0,3,2,0,6,0,0,0,0,0,4,0,3|4": -3.2176837120955275, "4,0,3,2,0,6,0,0,0,0,0,2,0,4|0": -6.636224667375411, "4,0,3,0,0,6,0,0,0,0,0,2,0,4|1": -6.657057102496681, "5,0,3,0,0,4,0,0,0,0,0,2,0,5|1": -6.744473916510561, "5,0,3,0,0,2,0,0,0,0,0,2,0,5|4": -11.127054721600016, "5,0,4,0,0,2,0,0,0,0,0,0,0,5|1": -16.60913093972755, "0,0,0,7,7,7,7,7,7,4,6,6,7,0|3": -0.07997987229948167, "0,0,0,7,6,7,6,7,6,2,5,6,6,0|0": -0.07977551873064456, "0,0,0,6,6,7,6,7,6,2,5,6,6,0|1": -0.10948197979465325, "0,0,0,6,6,6,6,7,5,2,3,6,5,0|0": -0.1278383072942059, "0,0,1,4,5,6,5,7,5,2,3,6,5,1|0": -0.17732410366615659, "1,0,1,2,4,6,4,7,4,2,1,6,4,1|4": -0.1903004655683362, "1,0,1,2,4,6,4,7,4,2,0,4,3,1|3": -1.1903384174897749, "2,0,1,2,3,6,3,7,2,0,0,4,2,2|1": -1.2574167128081062, "2,0,1,2,2,4,2,7,1,0,0,4,1,2|2": -1.2618878074847424, "2,0,2,2,2,4,2,6,1,0,0,4,1,2|2": -1.3764956969437108, "3,0,2,2,1,4,1,4,0,0,0,4,0,3|0": -1.3941577586202023, "3,0,2,0,0,4,0,4,0,0,0,4,0,3|1": -1.447459543879557, "3,0,2,0,0,2,0,4,0,0,0,4,0,3|2": -1.4154489280031473, "3,0,3,0,0,2,0,2,0,0,0,4,0,3|4": -1.4426802987016711, "4,0,3,0,0,2,0,2,0,0,0,2,0,4|1": -2.3769436980950567, "4,0,4,0,0,0,0,2,0,0,0,2,0,4|4": -8.108833300659178, "4,0,4,0,0,0,0,2,0,0,0,0,0,4|2": -12.940213735239324, "0,0,0,7,7,7,7,7,7,6,7,6,7,0|2": -0.0754635919449114, "0,0,0,7,6,7,6,6,6,6,5,6,6,0|3": -0.07396568898871211, "0,0,0,7,6,7,6,6,6,4,5,6,6,0|4": -0.12797970391708374, "0,0,1,7,5,7,5,6,5,4,2,4,5,1|0": -0.13608594002286437, "0,0,1,6,5,7,5,6,5,4,2,4,5,1|1": -0.13034441123666762, "0,0,1,6,5,6,5,6,5,4,2,4,5,1|1": -0.13691046248234992, "0,0,1,6,5,4,5,6,5,4,2,4,5,1|4": -0.19706473431983554, "1,0,1,6,4,4,4,6,3,4,0,2,3,1|3": -0.20697973369192393, "1,0,1,6,4,4,4,6,3,2,0,2,3,1|0": -0.19948592046232005, "1,0,1,4,4,4,4,6,3,2,0,2,3,1|2": -0.28585978576760984, "2,0,1,4,2,4,2,4,1,2,0,2,1,2|3": -4.292556134764354, "3,0,1,4,1,4,1,4,0,0,0,2,0,3|4": -4.002274377043346, "3,0,2,4,1,4,1,4,0,0,0,0,0,3|1": -4.241412995007678, "3,0,2,4,0,2,0,4,0,0,0,0,0,3|0": -3.901317948624097, "4,0,2,2,0,2,0,4,0,0,0,0,0,4|1": -4.186820482147504, "4,0,3,2,0,0,0,4,0,0,0,0,0,4|2": -4.174336049702357, "4,0,4,2,0,0,0,2,0,0,0,0,0,4|2": -7.9142202675724285, "4,0,4,2,0,0,0,0,0,0,0,0,0,4|0": -12.043564319564505, "0,0,0,7,7,7,7,7,7,6,7,6,7,0|1": -0.022427830095559938, "0,0,0,7,7,6,7,7,7,6,7,6,7,0|4": -0.05134779836595996, "0,0,0,7,7,6,7,7,6,6,6,4,6,0|4": -0.13097504102839908, "1,0,0,7,5,6,5,7,5,6,3,2,5,1|4": -0.1515882571691043, "1,0,1,7,5,6,5,7,4,6,1,0,4,1|1": -0.15537796359833186, "1,0,1,7,4,4,5,7,4,6,1,0,4,1|2": -0.23269037075833401, "1,0,2,7,3,4,3,6,2,6,0,0,2,2|3": -0.23017606207190777, "1,0,2,7,3,4,3,6,2,4,0,0,2,2|1": -0.2459300629778896, "2,0,2,7,3,2,3,6,2,4,0,0,1,2|1": -0.25307639413353855, "2,0,2,7,2,0,2,6,1,4,0,0,1,2|3": -0.28585978576760984, "2,2,2,7,2,0,2,6,1,2,0,0,1,2|2": -0.32187905301517905, "3,2,2,7,1,0,1,4,0,2,0,0,0,3|3": -5.624558836394384, "3,2,2,7,0,0,0,4,0,0,0,0,0,3|2": -4.936723085563821, "3,2,3,7,0,0,0,2,0,0,0,0,0,3|0": -4.696311063700034, "3,2,3,6,0,0,0,2,0,0,0,0,0,3|0": -4.002163117002553, "3,2,4,4,0,0,0,2,0,0,0,0,0,4|0": -5.442486769855877, "4,2,4,2,0,0,0,2,0,0,0,0,0,4|0": -8.609360513512737, "5,2,4,0,0,0,0,2,0,0,0,0,0,5|2": -14.94470730365907, "0,0,0,7,7,7,7,7,6,6,6,4,6,0|3": -0.04701604145165537, "0,0,0,7,7,7,7,7,6,4,6,4,6,0|2": -0.10473124581495448, "0,0,1,7,5,7,5,6,5,4,2,4,5,1|2": -0.1913854088004274, "1,0,1,7,4,7,4,4,3,4,0,4,3,1|4": -0.2686756700467539, "2,0,1,7,2,7,2,4,1,4,0,2,1,2|2": -0.26401315584391094, "2,0,2,7,2,7,2,2,1,4,0,2,1,2|1": -0.26401315584391094, "2,0,2,7,2,6,2,2,1,4,0,2,1,2|2": -0.27895628260971556, "2,0,2,7,1,6,1,0,0,4,0,2,0,2|4": -0.20600122191489365, "2,0,2,7,1,6,1,0,0,4,0,0,0,2|3": -0.2697622998263979, "2,0,2,7,1,6,1,0,0,2,0,0,0,2|0": -0.3261999695161989, "3,0,2,6,1,6,1,0,0,2,0,0,0,3|0": -0.3332357821384915, "3,0,3,4,0,6,0,0,0,2,0,0,0,3|0": -0.3713198715257477, "3,0,3,2,0,6,0,0,0,2,0,0,0,3|1": -0.4556939402237366, "4,0,3,2,0,4,0,0,0,2,0,0,0,4|3": -8.079377212715228, "4,0,3,2,0,4,0,0,0,0,0,0,0,4|0": -11.228810834695784, "5,0,3,0,0,4,0,0,0,0,0,0,0,5|1": -10.03150509418215, "5,0,3,0,0,2,0,0,0,0,0,0,0,5|1": -15.026230855221273, "0,0,0,7,6,7,6,6,6,6,5,6,6,0|0": -0.062402398553475256, "0,0,0,6,6,7,6,6,6,6,5,6,6,0|0": -0.11151316017394292, "0,0,1,4,5,7,5,6,5,6,2,6,5,1|4": -0.14015783569225532, "0,0,1,4,4,7,4,6,3,6,0,4,3,1|4": -0.21263616574551364, "2,0,1,4,3,7,3,6,2,6,0,2,1,2|3": -0.2703349337550131, "2,0,1,4,2,7,2,6,1,4,0,2,0,2|1": -0.20853770587234038, "2,0,1,4,2,6,2,6,1,4,0,2,0,2|0": -0.26052862396, "3,0,1,2,1,6,1,6,0,4,0,2,0,3|0": -0.2827012728076596, "3,0,1,0,0,6,0,6,0,4,0,2,0,3|2": -0.29809588582978724, "4,0,1,0,0,6,0,4,0,4,0,2,0,4|3": -0.34090447603276597, "4,2,1,0,0,6,0,4,0,2,0,2,0,4|4": -0.37557943409717875, "4,2,2,0,0,6,0,4,0,2,0,0,0,4|1": -0.40306085610428943, "4,2,2,0,0,4,0,4,0,2,0,0,0,4|1": -0.3489903053617021, "4,2,2,0,0,2,0,4,0,2,0,0,0,4|2": -0.3489903053617021, "4,2,4,0,0,2,0,2,0,2,0,0,0,4|2": -3.909176128808511, "5,2,4,0,0,2,0,0,0,2,0,0,0,5|3": -9.017268414893618, "5,2,4,0,0,2,0,0,0,0,0,0,0,5|1": -6.245108510638298, "0,0,0,6,7,7,7,7,7,6,7,6,7,0|1": -0.018320948004740427, "0,0,0,6,7,6,7,7,7,6,7,6,7,0|3": -0.046920983821276595,