{"n_actions": 5, "learning_rate": 0.1, "discount_factor": 0.95, "epsilon": 0.9511101304657719, "epsilon_decay": 0.995, "epsilon_min": 0.05, "n_bins": 8, "best_reward": -21.653191489361703, "episodes_trained": 10, "q_table": {"0,0,0,7,7,7,7,7,7,6,7,6,7,0|1": -0.025425330436137972, "0,0,0,7,7,6,7,7,7,6,7,6,7,0|0": -0.025468977837320217, "0,0,0,6,7,6,7,7,7,6,7,6,7,0|4": -0.05531887666191107, "0,0,0,6,7,6,7,7,6,6,6,4,6,0|1": -0.05947811774562161, "0,0,0,6,6,4,6,7,6,6,5,4,6,0|3": -0.11454396670851658, "0,0,0,6,6,4,6,7,5,4,3,4,5,0|0": -0.11895623549124322, "0,0,0,4,5,4,5,7,5,4,3,4,5,0|0": -0.17335799956133374, "1,0,0,2,4,4,5,7,4,4,1,4,4,1|4": -0.26324447261048234, "2,0,0,2,3,4,3,7,2,4,0,2,2,2|3": -0.26293767532494294, "2,1,0,2,3,4,3,7,2,2,0,2,2,2|3": -3.2311357429258685, "2,1,0,2,2,4,2,7,1,0,0,2,0,2|1": -3.298911316391084, "3,1,0,2,1,2,1,7,0,0,0,2,0,3|2": -3.2930823369325513, "3,1,1,2,1,2,1,6,0,0,0,2,0,3|4": -3.2904615139435225, "3,1,2,2,1,2,1,6,0,0,0,0,0,3|0": -3.336623326527714, "3,1,2,0,0,2,0,6,0,0,0,0,0,3|1": -3.32764328983188, "3,1,3,0,0,0,0,6,0,0,0,0,0,3|2": -3.4321189046610536, "4,1,3,0,0,0,0,4,0,0,0,0,0,4|2": -3.4884884110386554, "4,1,4,0,0,0,0,2,0,0,0,0,0,4|2": -9.014000247613774, "0,0,0,7,7,7,7,7,7,6,7,6,7,0|0": -0.02126579725987114, "0,0,0,6,7,7,7,7,7,6,7,6,7,0|1": -0.025461984831065015, "0,0,0,6,7,6,7,7,6,6,6,4,6,0|4": -0.13605317386134916, "1,0,0,6,5,6,5,7,5,6,3,2,5,1|4": -0.16933552762428591, "1,0,1,6,5,6,5,7,4,6,1,0,4,1|3": -0.1911070190851246, "1,0,1,6,4,6,4,7,4,4,1,0,3,1|1": -0.2292774438865491, "1,0,1,6,4,4,4,7,3,4,0,0,3,1|1": -0.2803463715753432, "2,0,1,6,3,2,3,7,2,4,0,0,2,2|1": -0.30198965493859997, "2,0,2,6,2,0,2,7,1,4,0,0,1,2|2": -0.38677748646954285, "2,0,3,6,1,0,1,6,0,4,0,0,0,3|0": -0.4493691369133172, "2,0,3,4,0,0,0,6,0,4,0,0,0,3|0": -0.5010136736780145, "4,0,3,2,0,0,0,6,0,4,0,0,0,4|2": -0.5900313198979183, "4,0,3,2,0,0,0,4,0,4,0,0,0,4|2": -0.6464437618180587, "4,0,5,2,0,0,0,2,0,4,0,0,0,5|3": -0.6441083710488288, "4,1,5,2,0,0,0,2,0,2,0,0,0,5|2": -7.458096927933807, "5,1,5,2,0,0,0,0,0,2,0,0,0,5|0": -13.579510060409072, "5,1,5,0,0,0,0,0,0,2,0,0,0,5|3": -27.757232816452763, "0,0,0,7,7,7,7,7,7,6,7,6,7,0|2": -0.07659049330621982, "0,0,0,7,6,7,6,6,6,6,5,6,6,0|2": -0.1574380649718773, "1,0,0,7,5,7,5,4,4,6,2,6,4,1|1": -0.1570586966634747, "1,0,0,7,5,6,5,4,4,6,2,6,4,1|2": -0.21218320692554182, "1,0,1,7,4,6,4,2,3,6,0,6,3,1|0": -0.21126177649145725, "1,0,1,6,4,6,4,2,3,6,0,6,3,1|0": -0.27531278361860334, "1,0,2,4,3,6,3,2,2,6,0,6,2,2|0": -0.3250857537222618, "2,0,2,2,2,6,2,2,1,6,0,6,1,2|4": -0.3384761133967583, "2,0,2,2,2,6,2,2,1,6,0,4,0,2|3": -0.3759901262688252, "3,0,2,2,1,6,1,2,0,4,0,4,0,3|3": -0.41085733392229534, "3,3,2,2,0,6,0,2,0,2,0,4,0,3|1": -0.4127349770235997, "3,3,2,2,0,4,0,2,0,2,0,4,0,3|0": -0.46087858419964334, "3,3,2,0,0,4,0,2,0,2,0,4,0,3|1": -0.5171377899257228, "4,3,2,0,0,2,0,2,0,2,0,4,0,4|4": -0.6061632426908083, "4,3,2,0,0,2,0,2,0,2,0,2,0,4|3": -11.679245621612507, "5,3,2,0,0,2,0,2,0,0,0,2,0,5|1": -13.375845223513167, "5,3,4,0,0,0,0,2,0,0,0,2,0,5|4": -19.566900105195238, "5,3,5,0,0,0,0,2,0,0,0,0,0,5|2": -27.584097356853313, "1,0,0,7,5,7,5,4,4,6,2,6,4,1|3": -0.2109089439216835, "1,0,0,7,4,7,4,4,3,4,0,6,3,1|2": -0.21021861379094428, "1,0,1,7,4,7,4,2,3,4,0,6,3,1|2": -0.25722571739108163, "2,0,1,7,3,7,3,0,2,4,0,6,2,2|3": -0.2537641419925231, "2,1,1,7,3,7,3,0,2,2,0,6,2,2|3": -3.1444099778010326, "2,1,1,7,2,7,2,0,1,0,0,6,0,2|0": -3.173276692351337, "2,1,1,6,1,7,1,0,0,0,0,6,0,2|1": -3.2458886469547084, "2,2,1,6,1,6,1,0,0,0,0,6,0,2|0": -3.0907424785664364, "2,2,3,4,0,6,0,0,0,0,0,6,0,3|1": -3.2464374815890547, "3,2,3,4,0,4,0,0,0,0,0,6,0,3|0": -3.2039150236424514, "3,2,3,2,0,4,0,0,0,0,0,6,0,3|1": -3.3222921970763197, "4,2,3,2,0,2,0,0,0,0,0,6,0,4|1": -5.325935132486352, "4,2,4,2,0,0,0,0,0,0,0,6,0,4|4": -5.522877188082078, "4,2,5,2,0,0,0,0,0,0,0,4,0,5|4": -5.251205105676229, "5,2,5,2,0,0,0,0,0,0,0,2,0,5|4": -13.732518283457537, "5,2,5,2,0,0,0,0,0,0,0,0,0,5|0": -19.369937401362765, "0,0,0,7,7,7,7,7,7,6,7,6,7,0|3": -0.04656727009667864, "0,0,0,7,7,7,7,7,7,4,6,6,7,0|3": -0.07200442215532454, "0,0,0,7,6,7,6,7,6,2,5,6,6,0|4": -0.07776643061061193, "0,0,0,7,6,7,6,7,6,2,5,4,6,0|0": -0.07504678222717226, "0,0,0,6,6,7,6,7,6,2,5,4,6,0|3": -0.14829131800377668, "1,0,0,6,5,7,5,7,4,0,2,4,4,1|4": -0.2406305098174635, "1,0,0,6,3,7,3,7,3,0,0,2,2,1|1": -0.22493402506638954, "1,0,0,6,3,6,3,7,3,0,0,2,2,1|2": -0.22909017732505213, "1,0,1,6,3,6,3,6,3,0,0,2,2,1|1": -0.26668542610305584, "2,0,1,6,3,4,3,6,2,0,0,2,1,2|4": -0.2799037606667921, "2,0,2,6,3,4,3,6,2,0,0,0,1,2|2": -0.3238829995084156, "2,0,2,6,1,4,1,4,0,0,0,0,0,2|0": -0.33759155770546473, "2,0,2,4,1,4,1,4,0,0,0,0,0,2|1": -0.402882725640609, "3,0,2,4,0,2,0,4,0,0,0,0,0,3|1": -0.4259006058660743, "3,0,3,4,0,0,0,4,0,0,0,0,0,3|2": -0.48560629827720614, "3,0,4,4,0,0,0,2,0,0,0,0,0,4|2": -3.8844490899582973, "4,0,4,4,0,0,0,0,0,0,0,0,0,4|0": -4.029421586965151, "4,0,4,2,0,0,0,0,0,0,0,0,0,4|0": -8.53351209177214, "0,0,0,7,7,7,7,7,7,6,7,6,7,0|4": -0.052713545827055265, "0,0,0,7,7,7,7,7,6,6,6,4,6,0|3": -0.05341966426962541, "0,0,0,7,7,7,7,7,6,4,6,4,6,0|1": -0.05360961273627989, "0,0,0,7,7,6,7,7,6,4,6,4,6,0|3": -0.07742369358625913, "0,0,0,7,6,6,6,7,6,2,5,4,6,0|4": -0.12825195070596904, "1,0,0,7,5,6,5,7,5,2,3,2,5,1|4": -0.15512691383888935, "1,0,1,7,5,6,5,7,4,2,1,0,4,1|2": -0.23017606207190777, "1,0,2,7,3,6,3,6,2,2,0,0,2,2|0": -0.2273823857536564, "1,0,2,6,3,6,3,6,2,2,0,0,2,2|2": -0.3030651483946786, "2,0,2,6,2,6,2,4,1,2,0,0,0,2|0": -0.28571286728313644, "2,0,2,4,2,6,2,4,1,2,0,0,0,2|1": -0.3238829995084156, "2,0,2,4,1,4,1,4,0,2,0,0,0,2|1": -0.3949830643535382, "3,0,2,4,0,2,0,4,0,2,0,0,0,3|3": -5.722652628926434, "4,0,2,4,0,2,0,4,0,0,0,0,0,4|2": -5.722652628926434, "4,0,3,4,0,2,0,2,0,0,0,0,0,4|2": -9.986295078378504, "4,0,3,4,0,2,0,0,0,0,0,0,0,4|0": -9.179692620406948, "4,0,3,2,0,2,0,0,0,0,0,0,0,4|0": -11.91635602536326, "5,0,3,0,0,2,0,0,0,0,0,0,0,5|1": -12.874261840362156, "0,0,0,6,7,7,7,7,7,6,7,6,7,0|0": -0.06905281862157234, "0,0,0,4,6,7,6,7,6,6,5,6,6,0|4": -0.12145612481565587, "0,0,1,4,5,7,5,7,5,6,2,4,5,1|0": -0.12335306552557965, "1,0,1,2,5,7,5,7,5,6,2,4,5,1|2": -0.16183504070854043, "1,0,1,2,4,7,4,6,3,6,0,4,3,1|1": -0.18791954765607113, "1,0,1,2,4,6,4,6,3,6,0,4,3,1|0": -0.19168078437982572, "1,0,1,0,4,6,4,6,3,6,0,4,3,1|3": -0.1682047281270481, "1,0,1,0,4,6,4,6,3,4,0,4,3,1|1": -0.21699711439225552, "2,0,1,0,3,4,3,6,2,4,0,4,2,2|4": -0.28081079349063864, "2,0,1,0,2,4,2,6,1,4,0,2,0,2|3": -0.2658289281339642, "2,2,1,0,2,4,2,6,1,2,0,2,0,2|2": -0.31145611608058726, "3,2,1,0,0,4,0,4,0,2,0,2,0,3|4": -0.4449793062422063, "3,2,3,0,0,4,0,4,0,2,0,0,0,3|1": -0.47139654073530407, "3,2,3,0,0,2,0,4,0,2,0,0,0,3|2": -0.48361858878943326, "3,2,3,0,0,2,0,2,0,2,0,0,0,3|1": -1.1796617837431487, "3,2,4,0,0,0,0,2,0,2,0,0,0,4|3": -7.513673468694083, "4,2,4,0,0,0,0,2,0,0,0,0,0,4|2": -10.584836549675533, "0,0,0,7,7,7,7,7,7,4,6,6,7,0|2": -0.05712613408088425, "0,0,0,7,6,7,6,6,6,4,5,6,6,0|3": -0.03788349361702128, "0,0,0,7,6,7,6,6,6,2,5,6,6,0|2": -0.09644868896595744, "1,0,0,7,5,7,5,4,4,2,2,6,4,1|2": -0.15267456670617022, "1,0,1,7,4,7,4,2,3,2,0,6,3,1|4": -0.20628881751430428, "1,0,2,7,3,7,3,2,2,2,0,4,2,2|2": -0.14430085744680854, "2,0,2,7,3,7,3,0,2,2,0,4,2,2|4": -0.2035776781276596, "2,0,2,7,1,7,1,0,0,2,0,2,0,2|4": -0.5903033855024706, "2,0,3,7,1,7,1,0,0,2,0,0,0,3|0": -0.45077914442553196, "3,0,3,6,1,7,1,0,0,2,0,0,0,3|0": -0.6137517581588042, "3,0,3,4,0,7,0,0,0,2,0,0,0,3|0": -0.6759925866237971, "4,0,3,2,0,7,0,0,0,2,0,0,0,4|1": -0.42469390212765956, "4,0,3,2,0,6,0,0,0,2,0,0,0,4|3": -6.578658412805234, "4,0,3,2,0,6,0,0,0,0,0,0,0,4|1": -5.021669839148936, "5,0,3,2,0,4,0,0,0,0,0,0,0,5|1": -7.462901019464624, "5,0,3,2,0,2,0,0,0,0,0,0,0,5|1": -6.14177870212766, "5,0,5,2,0,0,0,0,0,0,0,0,0,5|0": -9.848711406382979, "1,0,0,7,5,6,5,7,5,2,3,2,5,1|1": -0.0817485914893617, "1,0,0,7,4,4,5,7,4,2,1,2,4,1|0": -0.11633010178723405, "1,0,0,6,4,4,4,7,3,2,0,2,3,1|0": -0.12162595319148937, "1,0,2,4,3,4,3,7,2,2,0,2,2,2|4": -0.14156463404255318,