{"n_actions": 5, "learning_rate": 0.1, "discount_factor": 0.95, "epsilon": 0.9511101304657719, "epsilon_decay": 0.995, "epsilon_min": 0.05, "n_bins": 8, "best_reward": -16.108510638297872, "episodes_trained": 10, "q_table": {"0,0,0,7,7,7,7,7,7,6,7,6,7,0|2": -0.07645810133872995, "0,0,0,7,6,7,6,6,6,6,5,6,6,0|0": -0.07630796664565763, "0,0,0,6,6,7,6,6,6,6,5,6,6,0|2": -0.1568552647716296, "1,0,0,6,5,7,5,4,4,6,2,6,4,1|4": -0.15644502399437438, "1,0,1,6,5,7,5,4,4,6,2,4,4,1|0": -0.20281130543179893, "1,0,1,4,4,7,4,4,3,6,0,4,3,1|0": -0.2546198483106502, "2,0,1,2,3,7,3,4,2,6,0,4,2,2|0": -0.2887839399508549, "2,0,1,0,3,7,3,4,2,6,0,4,1,2|3": -0.34417914108179826, "2,0,1,0,2,7,2,4,1,4,0,4,0,2|3": -0.3769667344931645, "2,3,1,0,1,7,1,4,0,2,0,4,0,3|4": -0.4322306174143456, "3,3,1,0,0,7,0,4,0,2,0,2,0,3|4": -2.6590632649796646, "3,3,3,0,0,7,0,4,0,2,0,0,0,3|1": -2.66329052996576, "3,3,3,0,0,6,0,4,0,2,0,0,0,3|2": -2.726460138947777, "3,3,4,0,0,6,0,2,0,2,0,0,0,4|3": -9.61460624334529, "4,3,4,0,0,6,0,2,0,0,0,0,0,4|2": -13.732548897609936, "4,3,4,0,0,6,0,0,0,0,0,0,0,4|1": -13.733668301073468, "4,3,4,0,0,4,0,0,0,0,0,0,0,4|1": -13.838916342310121, "5,3,4,0,0,2,0,0,0,0,0,0,0,5|1": -18.821248436969295, "0,0,0,7,7,7,7,7,7,6,7,6,7,0|0": -0.021276595145005496, "0,0,0,6,7,7,7,7,7,6,7,6,7,0|3": -0.07659149106739976, "0,0,0,6,6,7,6,7,6,4,5,6,6,0|4": -0.0765054368840854, "0,0,0,6,6,7,6,7,6,4,5,4,6,0|0": -0.11846663968886544, "0,0,0,4,5,7,5,7,5,4,3,4,5,0|3": -0.11882259587830343, "0,0,0,4,5,7,5,7,5,2,3,4,5,0|3": -0.18271238353725097, "1,0,0,4,4,7,4,7,4,0,1,4,4,1|4": -0.272169782808996, "2,0,0,4,3,7,3,7,2,0,0,2,2,2|2": -0.27151162479055785, "2,0,1,4,3,7,3,6,2,0,0,2,2,2|1": -0.27131721474011605, "2,1,1,4,3,6,3,6,2,0,0,2,2,2|2": -0.3608105193620365, "2,1,1,4,1,6,1,4,0,0,0,2,0,2|1": -0.39957555335520145, "3,1,1,4,1,4,1,4,0,0,0,2,0,3|1": -0.44995194179265724, "3,1,1,4,0,2,0,4,0,0,0,2,0,3|0": -0.5089116296611799, "4,1,1,2,0,2,0,4,0,0,0,2,0,4|2": -0.5099693512296319, "4,1,3,2,0,2,0,2,0,0,0,2,0,4|4": -2.5050683683900736, "4,1,3,2,0,2,0,2,0,0,0,0,0,4|2": -6.3442778870737015, "4,1,3,2,0,2,0,0,0,0,0,0,0,4|1": -6.722981802343112, "4,1,3,2,0,0,0,0,0,0,0,0,0,4|0": -10.073505516643433, "0,0,0,6,7,7,7,7,7,6,7,6,7,0|2": -0.07610839005131724, "0,0,0,6,6,7,6,6,6,6,5,6,6,0|4": -0.13943277248436178, "0,0,1,6,5,7,5,6,5,6,2,4,5,1|4": -0.21573769845703622, "1,0,1,6,4,7,4,6,3,6,0,2,3,1|4": -0.2542533043613798, "1,0,2,6,3,7,3,6,2,6,0,0,2,2|1": -0.25413487718640304, "1,0,2,6,3,6,3,6,2,6,0,0,2,2|3": -0.2750118421348662, "2,0,2,6,3,6,3,6,2,4,0,0,2,2|1": -0.31183986144662657, "2,0,2,6,2,4,2,6,1,4,0,0,1,2|3": -0.3091474371543674, "2,2,2,6,2,4,2,6,1,2,0,0,1,2|2": -0.39176255461127607, "3,2,2,6,1,4,1,4,0,2,0,0,0,3|3": -6.668627363738344, "3,2,2,6,0,4,0,4,0,0,0,0,0,3|1": -6.706057996673275, "4,2,2,6,0,2,0,4,0,0,0,0,0,4|1": -8.802346622760165, "4,2,4,6,0,0,0,4,0,0,0,0,0,4|2": -8.803757617804441, "4,2,5,6,0,0,0,2,0,0,0,0,0,5|2": -15.350802604339535, "5,2,5,6,0,0,0,0,0,0,0,0,0,5|0": -15.21088944160881, "5,2,5,4,0,0,0,0,0,0,0,0,0,5|0": -15.33789315384445, "5,2,5,2,0,0,0,0,0,0,0,0,0,5|0": -22.55940757612952, "0,0,0,6,6,7,6,7,6,4,5,6,6,0|3": -0.09073517509689853, "0,0,0,6,6,7,6,7,5,2,4,6,5,0|1": -0.14341808186674473, "0,1,0,6,5,6,5,7,5,2,2,6,4,1|4": -0.1436580080141909, "0,1,0,6,5,6,5,7,5,2,2,4,4,1|4": -0.16180327384277718, "1,1,0,6,5,6,5,7,4,2,2,2,4,1|3": -0.8296389942191549, "1,1,0,6,3,6,3,7,3,0,0,2,2,1|0": -0.8355435909156982, "1,1,0,4,3,6,3,7,3,0,0,2,2,1|1": -0.8513377666845936, "2,1,0,4,3,4,3,7,2,0,0,2,1,2|0": -0.9255269181741326, "2,1,0,2,2,4,2,7,1,0,0,2,0,2|2": -0.9184065946993617, "2,1,1,2,2,4,2,6,1,0,0,2,0,2|1": -0.9697723667408921, "3,1,1,2,1,2,1,6,0,0,0,2,0,3|0": -0.9975024825735075, "3,1,1,0,0,2,0,6,0,0,0,2,0,3|2": -1.0971577199992297, "4,1,1,0,0,2,0,4,0,0,0,2,0,4|1": -1.0767090136092319, "4,1,3,0,0,0,0,4,0,0,0,2,0,4|2": -1.1546685820121825, "4,1,4,0,0,0,0,2,0,0,0,2,0,4|2": -6.416860482408843, "5,1,4,0,0,0,0,0,0,0,0,2,0,5|4": -12.229542631876825, "0,0,0,7,7,7,7,7,7,6,7,6,7,0|4": -0.05360961273627989, "0,0,0,7,7,7,7,7,6,6,6,4,6,0|4": -0.13393386168261984, "1,0,0,7,5,7,5,7,5,6,3,2,5,1|2": -0.12922428671686473, "1,0,1,7,5,7,5,6,5,6,2,2,5,1|1": -0.13691046248234992, "1,0,1,7,5,6,5,6,5,6,2,2,5,1|0": -0.15727210311146084, "1,0,1,6,5,6,5,6,4,6,2,2,4,1|4": -0.16838316147955099, "1,0,1,6,4,6,4,6,4,6,1,0,4,1|0": -0.23634601200015942, "1,0,1,4,3,6,3,6,3,6,0,0,2,1|2": -0.23882276964452762, "2,0,1,4,3,6,3,4,2,6,0,0,2,2|1": -0.28241493221748537, "2,0,1,4,2,4,3,4,2,6,0,0,1,2|2": -0.2905677030675087, "2,0,2,4,2,4,2,2,1,6,0,0,1,2|0": -0.31025164965524576, "2,0,2,2,1,4,2,2,0,6,0,0,0,2|1": -0.3860968109253197, "3,0,2,2,0,2,1,2,0,6,0,0,0,3|2": -1.903141252137936, "3,0,2,2,0,2,0,0,0,6,0,0,0,3|0": -2.710323130896714, "4,0,2,0,0,2,0,0,0,6,0,0,0,4|1": -2.8121381125643126, "4,0,3,0,0,0,0,0,0,6,0,0,0,4|3": -2.9174920171204817, "4,0,3,0,0,0,0,0,0,4,0,0,0,4|3": -2.895726081939898, "4,4,3,0,0,0,0,0,0,2,0,0,0,4|3": -12.57783057377483, "0,0,0,7,7,7,7,7,7,6,7,6,7,0|1": -0.023495324857611768, "0,0,0,7,7,6,7,7,7,6,7,6,7,0|3": -0.041686770721503674, "0,0,0,7,7,6,7,7,7,4,6,6,7,0|4": -0.05090653719149215, "0,0,0,7,7,6,7,7,6,4,6,4,6,0|3": -0.06736738500878023, "0,0,0,7,6,6,6,7,6,2,5,4,6,0|3": -0.13019826863535333, "1,0,0,7,5,6,5,7,4,0,2,4,4,1|4": -0.21601326646597357, "1,0,0,7,3,6,3,7,3,0,0,2,2,1|2": -0.20210215502634066, "1,0,1,7,3,6,3,6,3,0,0,2,2,1|4": -0.25673899182979987, "1,0,2,7,3,6,3,6,2,0,0,0,2,2|2": -0.2955971014797534, "2,0,2,7,2,6,2,4,1,0,0,0,0,2|0": -0.307412578722362, "2,0,2,6,1,6,1,4,0,0,0,0,0,2|0": -0.3870834030664675, "2,0,3,4,0,6,0,4,0,0,0,0,0,3|1": -0.35442862017401744, "3,0,3,4,0,4,0,4,0,0,0,0,0,3|1": -0.4017088814981263, "3,0,3,4,0,2,0,4,0,0,0,0,0,3|0": -0.4485566019111986, "4,0,3,2,0,2,0,4,0,0,0,0,0,4|1": -0.40550240063251963, "4,0,3,2,0,0,0,4,0,0,0,0,0,4|0": -2.03697698355496, "4,0,3,0,0,0,0,4,0,0,0,0,0,4|2": -1.9413427430281878, "4,0,4,0,0,0,0,2,0,0,0,0,0,4|2": -7.710692264800922, "0,0,0,7,7,7,7,7,7,6,7,6,7,0|3": -0.037171053391314296, "0,0,0,7,7,7,7,7,7,4,6,6,7,0|0": -0.062402398553475256, "0,0,0,6,6,7,6,7,6,2,5,6,6,0|3": -0.14021913788142149, "1,0,0,6,5,7,5,7,4,0,2,6,4,1|0": -0.12827159702658805, "1,0,1,4,5,7,5,7,4,0,2,6,4,1|0": -0.18444754723341725, "1,0,1,2,4,7,4,7,3,0,0,6,3,1|2": -0.12360073314893619, "1,0,1,2,4,7,4,6,3,0,0,6,3,1|1": -0.16185737989583873, "1,0,1,2,4,6,4,6,3,0,0,6,3,1|1": -0.20800799517825086, "2,0,1,2,3,4,3,6,2,0,0,6,2,2|1": -0.21023675353838298, "2,0,1,2,2,2,2,6,1,0,0,6,1,2|4": -0.2728588629043877, "2,0,2,2,2,2,2,6,1,0,0,4,1,2|1": -0.22483652808965954, "2,0,2,2,2,0,2,6,1,0,0,4,1,2|0": -0.28427759341027614, "2,0,2,0,1,0,2,6,1,0,0,4,0,2|2": -0.3790903289700774, "3,0,2,0,0,0,0,4,0,0,0,4,0,3|2": -0.3919856539447689, "3,0,3,0,0,0,0,2,0,0,0,4,0,3|4": -0.43966082847835514, "4,0,3,0,0,0,0,2,0,0,0,2,0,4|4": -3.700504018795059, "0,0,0,7,7,6,7,7,7,6,7,6,7,0|2": -0.06082536009487795, "0,0,0,7,6,6,6,6,6,6,5,6,6,0|1": -0.06082536009487795, "0,0,0,7,6,4,6,6,6,6,5,6,6,0|2": -0.12502990686169357, "1,0,0,7,5,4,5,4,4,6,2,6,4,1|1": -0.17233852026882088, "1,0,0,7,4,2,4,4,3,6,0,6,3,1|0": -0.1693573847948085, "1,0,0,6,3,2,3,4,3,6,0,6,2,1|4": -0.1693573847948085, "1,0,1,6,3,2,3,4,3,6,0,4,2,1|0": -0.21679788472276168, "1,0,2,4,2,2,2,4,1,6,0,4,1,2|4": -0.1753810421276596, "2,0,2,4,2,2,2,4,1,6,0,2,0,2|2": -0.22417803381276594, "2,0,2,4,1,2,1,2,0,6,0,2,0,2|3": -0.3019291529422803, "3,0,2,4,1,2,1,2,0,4,0,2,0,3|3": -0.328183861893783, "3,3,2,4,0,2,0,2,0,2,0,2,0,3|0": -0.2763124602808511, "3,3,2,2,0,2,0,2,0,2,0,2,0,3|3": -5.841147209770415, "4,3,2,2,0,2,0,2,0,0,0,2,0,4|0": -5.464562470851065, "4,3,2,0,0,2,0,2,0,0,0,2,0,4|1": -7.1874690115934685, "4,3,3,0,0,0,0,2,0,0,0,2,0,4|2": -10.859312311239531, "5,3,3,0,0,0,0,0,0,0,0,2,0,5|4": -9.038783709148936, "0,0,0,6,7,7,7,7,7,6,7,6,7,0|4": -0.02592028510638298, "0,0,0,6,7,7,7,7,6,6,6,4,6,0|1": -0.031506069234042554, "0,0,0,6,7,6,7,7,6,6,6,4,6,0|4": -0.06380377872340426, "1,0,0,6,5,6,5,7,5,6,3,2,5,1|0": -0.07104042212765958, "1,0,0,4,5,6,5,7,5,6,3,2,5,1|1": -0.11971815132046808,