{"n_actions": 5, "learning_rate": 0.1, "discount_factor": 0.95, "epsilon": 0.9511101304657719, "epsilon_decay": 0.995, "epsilon_min": 0.05, "n_bins": 8, "best_reward": -28.38936170212766, "episodes_trained": 10, "q_table": {"0,0,0,7,7,7,7,7,7,6,7,6,7,0|1": -0.025530766417985164, "0,0,0,7,7,6,7,7,7,6,7,6,7,0|2": -0.07636264447234438, "0,0,0,7,6,6,6,6,6,6,5,6,6,0|1": -0.07642581462884969, "0,0,0,7,6,4,6,6,6,6,5,6,6,0|4": -0.13995069815682445, "0,0,1,7,5,4,5,6,5,6,2,4,5,1|1": -0.13932246588096936, "0,0,1,7,5,2,5,6,5,6,2,4,5,1|4": -0.22087895942299765, "1,0,1,7,4,2,4,6,3,6,0,2,3,1|3": -0.2754410797248281, "2,0,1,7,3,2,3,6,2,4,0,2,2,2|4": -0.2756604660664725, "2,0,2,7,3,2,3,6,2,4,0,0,2,2|2": -0.3652998175072653, "2,0,2,7,1,2,1,4,0,4,0,0,0,2|1": -0.3656429047523758, "2,0,2,7,1,0,1,4,0,4,0,0,0,2|3": -0.36536558043738987, "2,2,2,7,1,0,1,4,0,2,0,0,0,2|3": -5.72281812566739, "3,2,2,7,0,0,0,4,0,0,0,0,0,3|2": -5.732642428216826, "3,2,3,7,0,0,0,2,0,0,0,0,0,3|0": -5.743516549201242, "3,2,3,6,0,0,0,2,0,0,0,0,0,3|0": -5.822482883598174, "3,2,4,4,0,0,0,2,0,0,0,0,0,4|0": -5.863086066721511, "4,2,4,2,0,0,0,2,0,0,0,0,0,4|2": -11.368566458713621, "5,2,4,2,0,0,0,0,0,0,0,0,0,5|0": -16.459112155227018, "0,0,0,7,7,7,7,7,7,6,7,6,7,0|0": -0.02127528290102304, "0,0,0,6,7,7,7,7,7,6,7,6,7,0|4": -0.05521973985574941, "0,0,0,6,7,7,7,7,6,6,6,4,6,0|4": -0.13565860737005803, "1,0,0,6,5,7,5,7,5,6,3,2,5,1|4": -0.16987290585344406, "1,0,1,6,5,7,5,7,4,6,1,0,4,1|3": -0.1907699166141441, "1,0,1,6,4,7,4,7,4,4,1,0,3,1|0": -0.23370188591973962, "1,0,1,4,3,7,4,7,3,4,0,0,3,1|1": -0.23325116359470746, "1,0,1,4,3,6,4,7,3,4,0,0,3,1|2": -0.3175041142955362, "1,0,2,4,2,6,2,6,1,4,0,0,1,2|2": -0.39928119588003425, "3,0,2,4,1,6,1,4,0,4,0,0,0,3|0": -0.45844160107176396, "3,0,2,2,0,6,0,4,0,4,0,0,0,3|3": -0.4566503403079034, "3,1,2,2,0,6,0,4,0,2,0,0,0,3|3": -8.010216832053896, "4,1,2,2,0,6,0,4,0,0,0,0,0,4|2": -8.027421677168004, "4,1,3,2,0,6,0,2,0,0,0,0,0,4|0": -10.865377581030518, "4,1,3,0,0,6,0,2,0,0,0,0,0,4|1": -10.899470321821607, "4,1,3,0,0,4,0,2,0,0,0,0,0,4|1": -10.935238642344604, "5,1,3,0,0,2,0,2,0,0,0,0,0,5|1": -16.144335752194806, "5,1,5,0,0,0,0,2,0,0,0,0,0,5|2": -23.742847988817626, "0,0,0,7,7,7,7,7,7,6,7,6,7,0|2": -0.07658854114912096, "0,0,0,7,6,7,6,6,6,6,5,6,6,0|4": -0.1397018102900359, "0,0,1,7,5,7,5,6,5,6,2,4,5,1|2": -0.1566353630524645, "1,0,1,7,5,7,5,4,4,6,2,4,4,1|3": -0.21218320692554182, "1,0,1,7,4,7,4,4,3,4,0,4,3,1|2": -0.21204651235882496, "1,0,1,7,4,7,4,2,3,4,0,4,3,1|0": -0.24181504082909056, "1,0,1,6,3,7,3,2,3,4,0,4,2,1|1": -0.24154063914331075, "1,0,1,6,3,6,3,2,3,4,0,4,2,1|3": -0.24523814572091113, "1,1,1,6,3,6,3,2,3,2,0,4,2,1|2": -0.2921037851518932, "2,1,1,6,2,6,3,0,2,2,0,4,1,2|1": -0.32443738227870106, "2,1,1,6,2,4,2,0,1,2,0,4,0,2|0": -0.3264637878513858, "2,1,2,4,2,4,2,0,1,2,0,4,0,2|4": -0.4182983174530854, "3,1,2,4,0,4,0,0,0,2,0,2,0,3|1": -0.4700182589422207, "3,1,2,4,0,2,0,0,0,2,0,2,0,3|1": -1.1971093080348296, "3,1,4,4,0,0,0,0,0,2,0,2,0,4|3": -9.213969396856458, "4,1,4,4,0,0,0,0,0,0,0,2,0,4|0": -9.197277567340887, "4,1,4,2,0,0,0,0,0,0,0,2,0,4|4": -13.205008978936602, "4,1,4,2,0,0,0,0,0,0,0,0,0,4|0": -17.617793504936024, "0,0,0,7,6,7,6,6,6,6,5,6,6,0|0": -0.07585293927080104, "0,0,0,6,6,7,6,6,6,6,5,6,6,0|4": -0.13651989921206728, "0,0,1,6,5,7,5,6,5,6,2,4,5,1|4": -0.21443845094511957, "1,0,1,6,4,7,4,6,3,6,0,2,3,1|4": -0.24821799856739504, "1,0,2,6,3,7,3,6,2,6,0,0,2,2|2": -0.2960068342596181, "2,0,2,6,2,7,2,4,1,6,0,0,1,2|1": -0.2999719608986659, "2,0,2,6,2,6,2,4,1,6,0,0,1,2|3": -0.3599472532720408, "2,0,2,6,1,6,1,4,0,4,0,0,0,2|3": -0.387638738246947, "2,3,2,6,1,6,1,4,0,2,0,0,0,3|0": -0.3888748644222523, "2,3,2,4,1,6,1,4,0,2,0,0,0,3|0": -0.4074931241382059, "3,3,2,2,0,6,0,4,0,2,0,0,0,3|2": -0.38781728459722337, "3,3,3,2,0,6,0,2,0,2,0,0,0,3|2": -2.2062417549161344, "3,3,3,2,0,6,0,0,0,2,0,0,0,3|0": -3.507305817862004, "4,3,3,0,0,6,0,0,0,2,0,0,0,4|3": -11.695448535508266, "4,3,3,0,0,6,0,0,0,0,0,0,0,4|1": -12.2043386831375, "5,3,3,0,0,4,0,0,0,0,0,0,0,5|1": -12.205236635833934, "5,3,3,0,0,2,0,0,0,0,0,0,0,5|1": -16.99612125913275, "0,0,0,7,7,6,7,7,7,6,7,6,7,0|1": -0.05360961273627989, "0,0,0,7,7,4,7,7,6,6,6,6,6,0|4": -0.05341966426962541, "0,0,0,7,7,4,7,7,6,6,6,4,6,0|4": -0.14020975638719355, "1,0,0,7,5,4,5,7,5,6,2,2,4,1|3": -0.19152176834495677, "1,0,0,7,4,4,4,7,4,4,0,2,3,1|3": -0.2084338536075184, "1,1,0,7,3,4,4,7,3,2,0,2,3,1|0": -0.22680990003810728, "1,1,0,6,3,4,4,7,3,2,0,2,3,1|2": -0.21537381119477456, "1,1,1,6,3,4,4,6,3,2,0,2,3,1|1": -0.2637157535261119, "2,1,1,6,3,2,3,6,2,2,0,2,1,2|0": -0.2783219621853479, "2,1,2,4,3,2,3,6,2,2,0,2,1,2|1": -0.2897756732438785, "2,1,2,4,2,0,2,6,1,2,0,2,1,2|0": -0.31075592719666373, "2,1,2,2,1,0,2,6,1,2,0,2,0,2|0": -0.3490355561375011, "3,1,2,0,1,0,1,6,0,2,0,2,0,3|4": -0.3629356225649096, "3,1,2,0,1,0,1,6,0,2,0,0,0,3|2": -0.4418221238423762, "3,1,2,0,0,0,0,4,0,2,0,0,0,3|3": -7.686887115915317, "4,1,2,0,0,0,0,4,0,0,0,0,0,4|2": -7.337638412930692, "4,1,4,0,0,0,0,2,0,0,0,0,0,4|2": -12.191416415121044, "0,0,0,7,7,7,7,7,7,6,7,6,7,0|4": -0.04392942673518963, "0,0,0,7,7,7,7,7,6,6,6,4,6,0|2": -0.1313525233044902, "0,0,1,7,5,7,5,6,5,6,2,4,5,1|4": -0.1313525233044902, "1,0,1,7,5,7,5,6,5,6,2,2,5,1|4": -0.16676143237680607, "1,0,1,7,4,7,4,6,4,6,1,0,4,1|0": -0.1629573764567871, "1,0,1,6,4,7,4,6,4,6,1,0,4,1|1": -0.17732410366615659, "1,0,1,6,4,6,4,6,4,6,1,0,4,1|0": -0.22493402506638954, "1,0,1,4,3,6,3,6,3,6,0,0,2,1|2": -0.2273823857536564, "2,0,1,4,3,6,3,4,2,6,0,0,2,2|1": -0.2675939263720841, "2,0,1,4,2,4,3,4,2,6,0,0,1,2|1": -0.3069662207674361, "2,0,1,4,2,2,2,4,1,6,0,0,0,2|1": -0.3214655647030257, "2,0,2,4,1,0,1,4,0,6,0,0,0,2|3": -0.34596593129308034, "3,0,2,4,1,0,1,4,0,4,0,0,0,3|2": -0.36527847589363016, "3,0,3,4,0,0,0,2,0,4,0,0,0,3|0": -0.4328503336326454, "3,0,3,2,0,0,0,2,0,4,0,0,0,3|0": -0.9478618614785148, "3,0,3,0,0,0,0,2,0,4,0,0,0,3|2": -3.784012112284347, "4,0,3,0,0,0,0,0,0,4,0,0,0,4|3": -4.079996091550611, "4,3,3,0,0,0,0,0,0,2,0,0,0,4|3": -12.090355890221838, "0,0,0,6,7,7,7,7,7,6,7,6,7,0|1": -0.020275120031625987, "0,0,0,6,7,6,7,7,7,6,7,6,7,0|1": -0.05429441984361128, "0,0,0,6,6,4,6,7,6,6,5,6,6,0|3": -0.1009252354300197, "0,0,0,6,6,4,6,7,5,4,3,6,5,0|4": -0.08568920112132639, "0,0,0,6,6,4,6,7,5,4,3,4,5,0|3": -0.11107859404616383, "0,1,0,6,5,4,5,7,5,2,2,4,4,1|2": -0.11107859404616383, "0,1,1,6,5,4,5,6,5,2,2,4,4,1|3": -0.17571770694075853, "1,1,1,6,4,4,4,6,3,0,0,4,3,1|2": -0.1769186964680851, "2,1,1,6,2,4,2,4,1,0,0,4,1,2|2": -0.2906100537866391, "2,1,2,6,1,4,1,2,0,0,0,4,0,2|4": -0.3258791924459264, "3,1,2,6,1,4,1,2,0,0,0,2,0,3|4": -1.5281759441465408, "3,1,3,6,0,4,0,2,0,0,0,0,0,3|1": -1.4341634764758315, "3,1,3,6,0,2,0,2,0,0,0,0,0,3|0": -1.507117255684198, "3,1,3,4,0,2,0,2,0,0,0,0,0,3|0": -1.5877943631939815, "4,1,3,2,0,2,0,2,0,0,0,0,0,4|0": -3.688786607686121, "4,1,3,0,0,2,0,2,0,0,0,0,0,4|1": -5.261258497696364, "0,0,0,6,7,7,7,7,7,6,7,6,7,0|3": -0.05712613408088425, "0,0,0,6,6,7,6,7,6,4,5,6,6,0|3": -0.0825155270057217, "0,0,0,6,6,7,6,7,5,2,4,6,5,0|0": -0.07939077468720851, "0,0,0,4,6,7,6,7,5,2,4,6,5,0|1": -0.08862852499574468, "0,1,0,4,5,6,5,7,5,2,2,6,4,1|2": -0.12059961639297789, "0,1,1,4,5,6,5,6,4,2,2,6,4,1|2": -0.11365048085106383, "1,1,1,4,3,6,3,4,3,2,0,6,2,1|1": -0.20153042805214472, "2,1,1,4,3,4,3,4,2,2,0,6,2,2|3": -2.384945541676383, "2,1,1,4,1,4,1,4,0,0,0,6,0,2|4": -1.7157234872340426, "2,1,1,4,1,4,1,4,0,0,0,4,0,2|0": -2.423747677159787, "3,1,1,2,0,4,0,4,0,0,0,4,0,3|4": -2.3343189451085107, "4,1,1,2,0,4,0,4,0,0,0,2,0,4|0": -3.390537758340426, "4,1,1,0,0,4,0,4,0,0,0,2,0,4|2": -3.646803131442554, "4,1,2,0,0,4,0,2,0,0,0,2,0,4|2": -6.618465440123404, "4,1,2,0,0,4,0,0,0,0,0,2,0,4|1": -6.654959538651064, "5,1,2,0,0,2,0,0,0,0,0,2,0,5|1": -8.287309243829787, "5,1,5,0,0,0,0,0,0,0,0,2,0,5|4": -16.62476328153866, "0,0,0,7,7,6,7,7,7,6,7,6,7,0|4": -0.039695387343604255, "0,0,0,7,7,6,7,7,6,6,6,4,6,0|0": -0.03603055437744681, "0,0,0,6,7,6,7,7,6,6,6,4,6,0|4": -0.07755340119148937, "1,0,0,6,5,6,5,7,5,6,3,2,5,1|1": -0.0714464255319149,