{"n_actions": 5, "learning_rate": 0.1, "discount_factor": 0.95, "epsilon": 0.9511101304657719, "epsilon_decay": 0.995, "epsilon_min": 0.05, "n_bins": 8, "best_reward": -29.625531914893614, "episodes_trained": 10, "q_table": {"0,0,0,7,7,7,7,7,7,6,7,6,7,0|2": -0.07659517008074737, "0,0,0,7,6,7,6,6,6,6,5,6,6,0|3": -0.0765951062362914, "0,0,0,7,6,7,6,6,6,4,5,6,6,0|0": -0.07630796664565763, "0,0,0,6,6,7,6,6,6,4,5,6,6,0|2": -0.1650071052809197, "1,0,0,6,5,7,5,4,4,4,2,6,4,1|4": -0.16518767017116198, "1,0,1,6,5,7,5,4,4,4,2,4,4,1|0": -0.20375182269856174, "1,0,1,4,4,7,4,4,3,4,0,4,3,1|1": -0.20398774049185273, "1,0,1,4,4,6,4,4,3,4,0,4,3,1|4": -0.2530907327060201, "2,0,1,4,3,6,3,4,2,4,0,2,2,2|3": -0.25501812294695136, "2,0,1,4,3,6,3,4,2,2,0,2,2,2|1": -0.2931421517462779, "2,0,1,4,2,4,3,4,2,2,0,2,1,2|0": -0.35232086008292973, "2,0,1,2,1,4,2,4,0,2,0,2,0,2|3": -5.423192519371202, "3,0,1,2,0,4,0,4,0,0,0,2,0,3|1": -5.47504094910486, "3,0,1,2,0,2,0,4,0,0,0,2,0,3|1": -6.49286420842722, "3,0,4,2,0,0,0,4,0,0,0,2,0,4|4": -10.824404853954816, "3,0,4,2,0,0,0,4,0,0,0,0,0,4|0": -12.540996295655363, "4,0,4,0,0,0,0,4,0,0,0,0,0,4|2": -12.556229373340802, "4,0,4,0,0,0,0,2,0,0,0,0,0,4|2": -18.841588983730592, "0,0,0,7,6,7,6,6,6,4,5,6,6,0|2": -0.15721763234600664, "1,0,0,7,5,7,5,4,4,4,2,6,4,1|2": -0.21187775363448313, "1,0,1,7,4,7,4,2,3,4,0,6,3,1|1": -0.21258308415835803, "1,0,1,7,4,6,4,2,3,4,0,6,3,1|2": -0.2546198483106502, "2,0,1,7,3,6,3,0,2,4,0,6,2,2|1": -0.29289324512918247, "2,0,1,7,2,4,3,0,2,4,0,6,1,2|3": -0.2931896386993097, "2,0,1,7,2,4,3,0,2,2,0,6,1,2|1": -0.3433858499054594, "2,0,1,7,2,2,2,0,1,2,0,6,0,2|4": -0.34406145602428473, "2,0,2,7,2,2,2,0,1,2,0,4,0,2|3": -5.221040546929274, "3,0,2,7,0,2,0,0,0,0,0,4,0,3|4": -5.2927062857893885, "4,0,2,7,0,2,0,0,0,0,0,2,0,4|0": -5.3106743280252475, "4,0,2,6,0,2,0,0,0,0,0,2,0,4|4": -9.347121391631529, "4,0,4,6,0,2,0,0,0,0,0,0,0,4|0": -9.47305436499774, "4,0,4,4,0,2,0,0,0,0,0,0,0,4|1": -13.526586271311212, "4,0,5,4,0,0,0,0,0,0,0,0,0,5|0": -13.477527404920764, "5,0,5,2,0,0,0,0,0,0,0,0,0,5|0": -18.976358586128434, "0,0,0,7,7,7,7,7,7,6,7,6,7,0|4": -0.05528063582162255, "0,0,0,7,7,7,7,7,6,6,6,4,6,0|0": -0.055132093213294486, "0,0,0,6,7,7,7,7,6,6,6,4,6,0|1": -0.0552663188750623, "0,0,0,6,7,6,7,7,6,6,6,4,6,0|4": -0.13310251580664662, "1,0,0,6,5,6,5,7,5,6,3,2,5,1|3": -0.19060115788980228, "1,0,0,6,4,6,4,7,4,4,1,2,3,1|1": -0.2273112160090531, "1,0,0,6,4,4,4,7,3,4,0,2,3,1|3": -0.2251281692855998, "1,1,0,6,4,4,4,7,3,2,0,2,3,1|4": -0.2283251701539517, "1,1,1,6,4,4,4,7,3,2,0,0,3,1|2": -0.2530907327060201, "1,1,2,6,3,4,3,6,2,2,0,0,2,2|0": -0.3168926647371859, "1,1,2,4,2,4,2,6,1,2,0,0,1,2|1": -0.3171182918804886, "2,1,2,4,2,2,2,6,1,2,0,0,1,2|3": -3.626191902362461, "2,1,2,4,1,2,1,6,0,0,0,0,0,2|1": -3.6479447388104664, "2,1,2,4,1,0,1,6,0,0,0,0,0,2|0": -3.6949684708355863, "3,1,2,2,0,0,0,6,0,0,0,0,0,3|2": -3.759946159120642, "4,1,2,2,0,0,0,4,0,0,0,0,0,4|2": -3.8355897046321408, "4,1,4,2,0,0,0,2,0,0,0,0,0,4|2": -8.739318314351713, "4,1,4,2,0,0,0,0,0,0,0,0,0,4|0": -13.135409027442446, "0,0,0,7,7,7,7,7,7,6,7,6,7,0|1": -0.02495672171374623, "0,0,0,7,7,6,7,7,7,6,7,6,7,0|4": -0.05419752223542217, "0,0,0,7,7,6,7,7,6,6,6,4,6,0|2": -0.13307639494046686, "0,0,1,7,5,6,5,6,5,6,2,4,5,1|4": -0.13786304629856924, "1,0,1,7,5,6,5,6,5,6,2,2,5,1|4": -0.1752220433794285, "1,0,1,7,4,6,4,6,4,6,1,0,4,1|2": -0.21988650035044077, "1,0,1,7,4,6,4,4,3,6,0,0,3,1|1": -0.26067108110077086, "2,0,1,7,3,4,3,4,2,6,0,0,2,2|2": -0.2751566513490664, "2,0,2,7,3,4,3,2,2,6,0,0,2,2|3": -0.3133251052240211, "2,0,2,7,2,4,2,2,1,4,0,0,1,2|0": -0.33414436179332885, "2,0,2,6,1,4,2,2,1,4,0,0,0,2|0": -0.39605881633577733, "2,0,3,4,1,4,1,2,0,4,0,0,0,3|3": -0.39605881633577733, "2,2,3,4,1,4,1,2,0,2,0,0,0,3|1": -0.4030763051653619, "3,2,3,4,0,2,1,2,0,2,0,0,0,3|0": -0.4307476223895491, "3,2,3,2,0,2,0,2,0,2,0,0,0,3|2": -3.1628127496233156, "4,2,3,2,0,2,0,0,0,2,0,0,0,4|0": -5.421696016658829, "4,2,3,0,0,2,0,0,0,2,0,0,0,4|1": -5.039146870656045, "4,2,3,0,0,0,0,0,0,2,0,0,0,4|3": -14.489701436467065, "0,0,0,7,7,7,7,7,7,6,7,6,7,0|3": -0.046591394150840564, "0,0,0,7,7,7,7,7,7,4,6,6,7,0|0": -0.0748701651412387, "0,0,0,6,6,7,6,7,6,4,5,6,6,0|4": -0.07258712451298191, "0,0,0,6,6,7,6,7,6,4,5,4,6,0|3": -0.07504678222717226, "0,0,0,6,6,7,6,7,6,2,5,4,6,0|2": -0.13225982416553056, "0,0,1,6,5,7,5,6,5,2,2,4,5,1|1": -0.13651989921206728, "0,0,1,6,5,6,5,6,5,2,2,4,5,1|0": -0.20375182269856174, "0,0,1,4,4,6,4,6,3,2,0,4,3,1|0": -0.2444958744829235, "2,0,1,2,3,6,3,6,2,2,0,4,2,2|0": -0.2637157535261119, "2,0,1,0,3,6,3,6,2,2,0,4,1,2|4": -0.3485139853879079, "3,0,1,0,1,6,1,6,0,2,0,2,0,3|1": -0.39277159903703013, "3,0,1,0,0,4,0,6,0,2,0,2,0,3|4": -1.28735089506741, "3,0,3,0,0,4,0,6,0,2,0,0,0,3|3": -7.5630723840051015, "3,0,3,0,0,4,0,6,0,0,0,0,0,3|1": -7.252183221968078, "4,0,3,0,0,2,0,6,0,0,0,0,0,4|1": -9.98516204608643, "4,0,4,0,0,0,0,6,0,0,0,0,0,4|2": -9.865370576066029, "5,0,4,0,0,0,0,4,0,0,0,0,0,5|2": -8.637531999776867, "5,0,5,0,0,0,0,2,0,0,0,0,0,5|2": -17.39900398477336, "0,0,0,7,7,7,7,7,7,4,6,6,7,0|1": -0.041686770721503674, "0,0,0,7,7,6,7,7,7,4,6,6,7,0|2": -0.0698071112275002, "0,0,0,7,6,6,6,6,6,4,5,6,6,0|4": -0.12506031216451105, "0,0,1,7,5,6,5,6,5,4,2,4,5,1|3": -0.12922428671686473, "0,0,1,7,5,6,5,6,5,2,2,4,5,1|0": -0.12797970391708374, "0,0,1,4,4,6,4,6,3,2,0,4,3,1|1": -0.19646256154259856, "0,0,1,4,4,4,4,6,3,2,0,4,3,1|4": -0.19706473431983554, "1,0,1,4,4,4,4,6,3,2,0,2,3,1|0": -0.2661527898809337, "2,0,1,2,3,4,3,6,2,2,0,2,2,2|4": -0.2467061310511593, "2,0,2,2,3,4,3,6,2,2,0,0,2,2|3": -2.9077901312023595, "2,0,2,2,1,4,1,6,0,0,0,0,0,2|1": -3.314098272359542, "3,0,2,2,0,2,0,6,0,0,0,0,0,3|0": -3.2553921939226544, "3,0,2,0,0,2,0,6,0,0,0,0,0,3|2": -2.6440191712361916, "4,0,2,0,0,2,0,4,0,0,0,0,0,4|2": -3.7593929745182657, "4,0,4,0,0,2,0,2,0,0,0,0,0,4|1": -6.531090694009114, "4,0,5,0,0,0,0,2,0,0,0,0,0,5|2": -9.435834292490064, "0,0,0,7,7,7,7,7,7,6,7,6,7,0|0": -0.015267456670617019, "0,0,0,6,7,7,7,7,7,6,7,6,7,0|4": -0.04506839895528769, "0,0,0,6,7,6,7,7,6,6,6,4,6,0|1": -0.04730861340712729, "0,0,0,6,6,4,6,7,6,6,5,4,6,0|4": -0.11827153351781823, "1,0,0,6,5,4,5,7,5,6,2,2,4,1|1": -0.18034394290809508, "1,0,0,6,4,2,4,7,3,6,0,2,3,1|4": -0.15551003166462937, "1,0,1,6,4,2,4,7,3,6,0,0,3,1|0": -0.1693573847948085, "1,0,1,4,3,2,3,7,3,6,0,0,2,1|1": -0.23046736976687973, "1,0,2,4,3,0,3,7,2,6,0,0,2,2|3": -0.20628881751430428, "2,0,2,4,3,0,3,7,2,4,0,0,2,2|0": -0.26347679389245116, "2,0,2,2,2,0,2,7,1,4,0,0,1,2|3": -0.23206534139337875, "2,2,2,2,2,0,2,7,1,2,0,0,1,2|3": -3.6280725932357702, "3,2,2,2,1,0,1,7,0,0,0,0,0,3|2": -4.189520457511119, "3,2,2,2,1,0,1,6,0,0,0,0,0,3|0": -3.2572097023898086, "3,2,2,0,0,0,0,6,0,0,0,0,0,3|2": -3.7298095904228434, "4,2,2,0,0,0,0,4,0,0,0,0,0,4|2": -3.7724734924690355, "4,2,4,0,0,0,0,2,0,0,0,0,0,4|2": -7.781848931462678, "0,0,0,7,7,6,7,7,6,6,6,4,6,0|1": -0.03603055437744681, "0,0,0,7,7,4,7,7,6,6,6,4,6,0|0": -0.04847087574468084, "0,0,0,6,6,4,6,7,6,6,4,4,6,0|0": -0.08602180367234044, "0,0,1,4,5,4,5,7,5,6,2,4,5,1|4": -0.09936529527659574, "1,0,1,4,4,4,5,7,4,6,1,2,4,1|3": -0.1308713645106383, "1,0,1,4,4,4,4,7,3,4,0,2,3,1|0": -0.2076374107203915, "2,0,1,2,3,4,3,7,2,4,0,2,1,2|4": -0.17725704999148936, "2,0,1,2,3,4,3,7,2,4,0,0,1,2|2": -0.15318091021276595, "2,0,2,2,2,4,3,6,2,4,0,0,1,2|2": -0.33728387220125705, "3,0,2,2,1,4,1,4,0,4,0,0,0,3|1": -0.2496250100851064, "3,0,2,2,0,2,0,4,0,4,0,0,0,3|0": -0.5737172889331916, "3,0,2,0,0,2,0,4,0,4,0,0,0,3|2": -0.5737172889331916, "3,0,3,0,0,2,0,2,0,4,0,0,0,3|2": -2.7666572774669147, "4,0,3,0,0,2,0,0,0,4,0,0,0,4|3": -2.469868453925532, "0,0,0,7,7,6,7,7,7,4,6,6,7,0|4": -0.03603055437744681, "0,0,0,7,7,6,7,7,6,4,6,4,6,0|1": -0.05839909820510637, "0,0,0,7,6,4,6,7,6,4,4,4,6,0|2": -0.06579764680851065, "0,0,1,7,5,4,5,6,5,4,2,4,5,1|2": -0.11544068595744682, "1,0,1,7,4,4,4,4,3,4,0,4,3,1|2": -0.0951212765957447, "1,0,2,7,3,4,3,2,2,4,0,4,2,2|4": -0.1769186964680851, "2,0,2,7,2,4,2,2,1,4,0,2,1,2|2": -0.22157131248936174, "2,0,2,7,1,4,1,0,0,4,0,2,0,2|1": -0.21978130595744683,